{"cameraMode":{"drawMode":0,"name":"Shaded","section":"Shading Mode"},"sceneLighting":false,"audioPlay":false,"sceneViewState":{"m_AlwaysRefresh":false,"showFog":true,"showSkybox":false,"showFlares":true,"showImageEffects":true,"showParticleSystems":true,"showVisualEffectGraphs":true,"m_FxEnabled":true},"in2DMode":false,"pivot":{"x":0.004807114601135254,"y":0.6878362894058228,"z":-0.2733474373817444},"rotation":{"x":0.13276343047618867,"y":0.7260236740112305,"z":-0.14633885025978089,"w":0.6586722135543823},"size":1.4438118934631348,"orthographic":false}